{ 
   "imgui":{ 
      "ImGuiCol_Border":{ 
         "a":1,
         "b":0.25999999046325684,
         "g":0.25999999046325684,
         "r":0.25999999046325684
      },
      "ImGuiCol_BorderShadow":{ 
         "a":1,
         "b":0.25999999046325684,
         "g":0.25999999046325684,
         "r":0.25999999046325684
      },
      "ImGuiCol_Button":{ 
         "a":1,
         "b":0.36000001430511475,
         "g":0.36000001430511475,
         "r":0.36000001430511475
      },
      "ImGuiCol_ButtonActive":{ 
         "a":1,
         "b":0.10999999940395355,
         "g":0.10999999940395355,
         "r":0.10999999940395355
      },
      "ImGuiCol_ButtonHovered":{ 
         "a":1,
         "b":0.43000000715255737,
         "g":0.43000000715255737,
         "r":0.43000000715255737
      },
      "ImGuiCol_CheckMark":{ 
         "a":1,
         "b":0.77999997138977051,
         "g":0.77999997138977051,
         "r":0.77999997138977051
      },
      "ImGuiCol_ChildBg":{ 
         "a":1,
         "b":0.2800000011920929,
         "g":0.2800000011920929,
         "r":0.2800000011920929
      },
      "ImGuiCol_DragDropTarget":{ 
         "a":0.89999997615814209,
         "b":0,
         "g":1,
         "r":1
      },
      "ImGuiCol_FrameBg":{ 
         "a":1,
         "b":0.15999999642372131,
         "g":0.15999999642372131,
         "r":0.15999999642372131
      },
      "ImGuiCol_FrameBgActive":{ 
         "a":1,
         "b":0.15999999642372131,
         "g":0.15999999642372131,
         "r":0.15999999642372131
      },
      "ImGuiCol_FrameBgHovered":{ 
         "a":1,
         "b":0.15999999642372131,
         "g":0.15999999642372131,
         "r":0.15999999642372131
      },
      "ImGuiCol_Header":{ 
         "a":1,
         "b":0.36000001430511475,
         "g":0.36000001430511475,
         "r":0.36000001430511475
      },
      "ImGuiCol_HeaderActive":{ 
         "a":1,
         "b":0.36000001430511475,
         "g":0.36000001430511475,
         "r":0.36000001430511475
      },
      "ImGuiCol_HeaderHovered":{ 
         "a":1,
         "b":0.36000001430511475,
         "g":0.36000001430511475,
         "r":0.36000001430511475
      },
      "ImGuiCol_MenuBarBg":{ 
         "a":1,
         "b":0.25999999046325684,
         "g":0.25999999046325684,
         "r":0.25999999046325684
      },
      "ImGuiCol_ModalWindowDimBg":{ 
         "a":0.5,
         "b":0.20000000298023224,
         "g":0.20000000298023224,
         "r":0.20000000298023224
      },
      "ImGuiCol_NavHighlight":{ 
         "a":1,
         "b":0.98000001907348633,
         "g":0.5899999737739563,
         "r":0.25999999046325684
      },
      "ImGuiCol_NavWindowingDimBg":{ 
         "a":0.20000000298023224,
         "b":0.80000001192092896,
         "g":0.80000001192092896,
         "r":0.80000001192092896
      },
      "ImGuiCol_NavWindowingHighlight":{ 
         "a":0.69999998807907104,
         "b":1,
         "g":1,
         "r":1
      },
      "ImGuiCol_PlotHistogram":{ 
         "a":1,
         "b":0,
         "g":0.69999998807907104,
         "r":0.89999997615814209
      },
      "ImGuiCol_PlotHistogramHovered":{ 
         "a":1,
         "b":0,
         "g":0.60000002384185791,
         "r":1
      },
      "ImGuiCol_PlotLines":{ 
         "a":1,
         "b":0.38999998569488525,
         "g":0.38999998569488525,
         "r":0.38999998569488525
      },
      "ImGuiCol_PlotLinesHovered":{ 
         "a":1,
         "b":0.34999999403953552,
         "g":0.43000000715255737,
         "r":1
      },
      "ImGuiCol_PopupBg":{ 
         "a":1,
         "b":0.25999999046325684,
         "g":0.25999999046325684,
         "r":0.25999999046325684
      },
      "ImGuiCol_RangeSliderBar":{ 
         "a":0.93000000715255737,
         "b":0.70999997854232788,
         "g":0.70999997854232788,
         "r":0.70999997854232788
      },
      "ImGuiCol_ResizeGrip":{ 
         "a":1,
         "b":0.36000001430511475,
         "g":0.36000001430511475,
         "r":0.36000001430511475
      },
      "ImGuiCol_ResizeGripActive":{ 
         "a":1,
         "b":0.98000001907348633,
         "g":0.5899999737739563,
         "r":0.25999999046325684
      },
      "ImGuiCol_ResizeGripHovered":{ 
         "a":1,
         "b":0.98000001907348633,
         "g":0.5899999737739563,
         "r":0.25999999046325684
      },
      "ImGuiCol_ScrollbarBg":{ 
         "a":1,
         "b":0.20999999344348907,
         "g":0.20999999344348907,
         "r":0.20999999344348907
      },
      "ImGuiCol_ScrollbarGrab":{ 
         "a":1,
         "b":0.36000001430511475,
         "g":0.36000001430511475,
         "r":0.36000001430511475
      },
      "ImGuiCol_ScrollbarGrabActive":{ 
         "a":1,
         "b":0.36000001430511475,
         "g":0.36000001430511475,
         "r":0.36000001430511475
      },
      "ImGuiCol_ScrollbarGrabHovered":{ 
         "a":1,
         "b":0.36000001430511475,
         "g":0.36000001430511475,
         "r":0.36000001430511475
      },
      "ImGuiCol_Separator":{ 
         "a":1,
         "b":0.38999998569488525,
         "g":0.38999998569488525,
         "r":0.38999998569488525
      },
      "ImGuiCol_SeparatorActive":{ 
         "a":1,
         "b":0.98000001907348633,
         "g":0.5899999737739563,
         "r":0.25999999046325684
      },
      "ImGuiCol_SeparatorHovered":{ 
         "a":1,
         "b":0.98000001907348633,
         "g":0.5899999737739563,
         "r":0.25999999046325684
      },
      "ImGuiCol_SliderGrab":{ 
         "a":0.98000001907348633,
         "b":0.74000000953674316,
         "g":0.74000000953674316,
         "r":0.74000000953674316
      },
      "ImGuiCol_SliderGrabActive":{ 
         "a":0.98000001907348633,
         "b":0.74000000953674316,
         "g":0.74000000953674316,
         "r":0.74000000953674316
      },
      "ImGuiCol_Tab":{ 
         "a":0.86274510622024536,
         "b":0.43529412150382996,
         "g":0.41568627953529358,
         "r":0.41568627953529358
      },
      "ImGuiCol_TabActive":{ 
         "a":0.93725490570068359,
         "b":0.55686277151107788,
         "g":0.53333336114883423,
         "r":0.53333336114883423
      },
      "ImGuiCol_TabHovered":{ 
         "a":0.80000001192092896,
         "b":0.66666668653488159,
         "g":0.65098041296005249,
         "r":0.64705884456634521
      },
      "ImGuiCol_TabUnfocused":{ 
         "a":0.97254902124404907,
         "b":0.12549020349979401,
         "g":0.12156862765550613,
         "r":0.11764705926179886
      },
      "ImGuiCol_TabUnfocusedActive":{ 
         "a":1,
         "b":0.18823529779911041,
         "g":0.18039216101169586,
         "r":0.17647059261798859
      },
      "ImGuiCol_Text":{ 
         "a":1,
         "b":0.73000001907348633,
         "g":0.73000001907348633,
         "r":0.73000001907348633
      },
      "ImGuiCol_TextDisabled":{ 
         "a":1,
         "b":0.5,
         "g":0.5,
         "r":0.5
      },
      "ImGuiCol_TextSelectedBg":{ 
         "a":1,
         "b":0.64999997615814209,
         "g":0.51999998092651367,
         "r":0.31999999284744263
      },
      "ImGuiCol_TitleBg":{ 
         "a":1,
         "b":0.36000001430511475,
         "g":0.36000001430511475,
         "r":0.36000001430511475
      },
      "ImGuiCol_TitleBgActive":{ 
         "a":1,
         "b":0.36000001430511475,
         "g":0.36000001430511475,
         "r":0.36000001430511475
      },
      "ImGuiCol_TitleBgCollapsed":{ 
         "a":1,
         "b":0.36000001430511475,
         "g":0.36000001430511475,
         "r":0.36000001430511475
      },
      "ImGuiCol_WindowBg":{ 
         "a":0.94999998807907104,
         "b":0.25999999046325684,