{ 
   "imgui":{ 
      "ImGuiCol_Border":{ 
         "a":1,
         "b":0.058823529630899429,
         "g":0.058823529630899429,
         "r":0.058823529630899429
      },
      "ImGuiCol_BorderShadow":{ 
         "a":1,
         "b":0,
         "g":0.92156857252120972,
         "r":0.078431382775306702
      },
      "ImGuiCol_Button":{ 
         "a":1,
         "b":0.19607843458652496,
         "g":0.19607843458652496,
         "r":0.19607843458652496
      },
      "ImGuiCol_ButtonActive":{ 
         "a":1,
         "b":0.058823529630899429,
         "g":0.058823529630899429,
         "r":0.058823529630899429
      },
      "ImGuiCol_ButtonHovered":{ 
         "a":1,
         "b":0.4117647111415863,
         "g":0.4117647111415863,
         "r":0.4117647111415863
      },
      "ImGuiCol_CheckMark":{ 
         "a":1,
         "b":1,
         "g":1,
         "r":1
      },
      "ImGuiCol_ChildBg":{ 
         "a":1,
         "b":0.098039217293262482,
         "g":0.098039217293262482,
         "r":0.098039217293262482
      },
      "ImGuiCol_DragDropTarget":{ 
         "a":0.88999998569488525,
         "b":0,
         "g":1,
         "r":1
      },
      "ImGuiCol_FrameBg":{ 
         "a":1,
         "b":0.058823529630899429,
         "g":0.058823529630899429,
         "r":0.058823529630899429
      },
      "ImGuiCol_FrameBgActive":{ 
         "a":1,
         "b":0.19607840478420258,
         "g":0.19607840478420258,
         "r":0.19607840478420258
      },
      "ImGuiCol_FrameBgHovered":{ 
         "a":1,
         "b":0.098039217293262482,
         "g":0.098039217293262482,
         "r":0.098039217293262482
      },
      "ImGuiCol_Header":{ 
         "a":0.30000001192092896,
         "b":1,
         "g":1,
         "r":1
      },
      "ImGuiCol_HeaderActive":{ 
         "a":0.30000001192092896,
         "b":1,
         "g":1,
         "r":1
      },
      "ImGuiCol_HeaderHovered":{ 
         "a":0.30000001192092896,
         "b":1,
         "g":1,
         "r":1
      },
      "ImGuiCol_MenuBarBg":{ 
         "a":1,
         "b":0.19607840478420258,
         "g":0.19607840478420258,
         "r":0.19607840478420258
      },
      "ImGuiCol_ModalWindowDimBg":{ 
         "a":0.5,
         "b":0.20000000298023224,
         "g":0.20000000298023224,
         "r":0.20000000298023224
      },
      "ImGuiCol_NavHighlight":{ 
         "a":1,
         "b":0.98000001907348633,
         "g":0.5899999737739563,
         "r":0.25999999046325684
      },
      "ImGuiCol_NavWindowingDimBg":{ 
         "a":0.20000000298023224,
         "b":0.80000001192092896,
         "g":0.80000001192092896,
         "r":0.80000001192092896
      },
      "ImGuiCol_NavWindowingHighlight":{ 
         "a":0.69999998807907104,
         "b":1,
         "g":1,
         "r":1
      },
      "ImGuiCol_PlotHistogram":{ 
         "a":1,
         "b":0.058823529630899429,
         "g":0.058823529630899429,
         "r":0.058823529630899429
      },
      "ImGuiCol_PlotHistogramHovered":{ 
         "a":1,
         "b":0.19607840478420258,
         "g":0.19607840478420258,
         "r":0.19607840478420258
      },
      "ImGuiCol_PlotLines":{ 
         "a":1,
         "b":0.098039217293262482,
         "g":0.098039217293262482,
         "r":0.098039217293262482
      },
      "ImGuiCol_PlotLinesHovered":{ 
         "a":1,
         "b":0.19607840478420258,
         "g":0.19607840478420258,
         "r":0.19607840478420258
      },
      "ImGuiCol_PopupBg":{ 
         "a":1,
         "b":0.098039217293262482,
         "g":0.098039217293262482,
         "r":0.098039217293262482
      },
      "ImGuiCol_RangeSliderBar":{ 
         "a":1,
         "b":0.098039217293262482,
         "g":0.098039217293262482,
         "r":0.098039217293262482
      },
      "ImGuiCol_ResizeGrip":{ 
         "a":1,
         "b":0.19607840478420258,
         "g":0.19607840478420258,
         "r":0.19607840478420258
      },
      "ImGuiCol_ResizeGripActive":{ 
         "a":1,
         "b":0.098039217293262482,
         "g":0.098039217293262482,
         "r":0.098039217293262482
      },
      "ImGuiCol_ResizeGripHovered":{ 
         "a":1,
         "b":0.19607840478420258,
         "g":0.19607840478420258,
         "r":0.19607840478420258
      },
      "ImGuiCol_ScrollbarBg":{ 
         "a":1,
         "b":0.058823529630899429,
         "g":0.058823529630899429,
         "r":0.058823529630899429
      },
      "ImGuiCol_ScrollbarGrab":{ 
         "a":1,
         "b":0.098039217293262482,
         "g":0.098039217293262482,
         "r":0.098039217293262482
      },
      "ImGuiCol_ScrollbarGrabActive":{ 
         "a":1,
         "b":0.19607840478420258,
         "g":0.19607840478420258,
         "r":0.19607840478420258
      },
      "ImGuiCol_ScrollbarGrabHovered":{ 
         "a":1,
         "b":0.098039217293262482,
         "g":0.098039217293262482,
         "r":0.098039217293262482
      },
      "ImGuiCol_Separator":{ 
         "a":1,
         "b":0.19607840478420258,
         "g":0.19607840478420258,
         "r":0.19607840478420258
      },
      "ImGuiCol_SeparatorActive":{ 
         "a":1,
         "b":0.19607840478420258,
         "g":0.19607840478420258,
         "r":0.19607840478420258
      },
      "ImGuiCol_SeparatorHovered":{ 
         "a":1,
         "b":0.19607840478420258,
         "g":0.19607840478420258,
         "r":0.19607840478420258
      },
      "ImGuiCol_SliderGrab":{ 
         "a":1,
         "b":0.19607840478420258,
         "g":0.19607840478420258,
         "r":0.19607840478420258
      },
      "ImGuiCol_SliderGrabActive":{ 
         "a":1,
         "b":0.19607840478420258,
         "g":0.19607840478420258,
         "r":0.19607840478420258
      },
      "ImGuiCol_Tab":{ 
         "a":0.86274510622024536,
         "b":0.19607843458652496,
         "g":0.19607843458652496,
         "r":0.19607843458652496
      },
      "ImGuiCol_TabActive":{ 
         "a":1,
         "b":0.26666668057441711,
         "g":0.26666668057441711,
         "r":0.26666668057441711
      },
      "ImGuiCol_TabHovered":{ 
         "a":0.80000001192092896,
         "b":0.4117647111415863,
         "g":0.4117647111415863,
         "r":0.4117647111415863
      },
      "ImGuiCol_TabUnfocused":{ 
         "a":0.97254902124404907,
         "b":0.12549020349979401,
         "g":0.12549020349979401,
         "r":0.12549020349979401
      },
      "ImGuiCol_TabUnfocusedActive":{ 
         "a":1,
         "b":0.16078431904315948,
         "g":0.16078431904315948,
         "r":0.16078431904315948
      },
      "ImGuiCol_Text":{ 
         "a":1,
         "b":1,
         "g":1,
         "r":1
      },
      "ImGuiCol_TextDisabled":{ 
         "a":1,
         "b":1,
         "g":1,
         "r":1
      },
      "ImGuiCol_TextSelectedBg":{ 
         "a":0.34999999403953552,
         "b":1,
         "g":1,
         "r":1
      },
      "ImGuiCol_TitleBg":{ 
         "a":1,
         "b":0.058823529630899429,
         "g":0.058823529630899429,
         "r":0.058823529630899429
      },
      "ImGuiCol_TitleBgActive":{ 
         "a":1,
         "b":0.058823529630899429,
         "g":0.058823529630899429,
         "r":0.058823529630899429
      },
      "ImGuiCol_TitleBgCollapsed":{ 
         "a":1,
         "b":0.058823529630899429,
         "g":0.058823529630899429,
         "r":0.058823529630899429
      },
      "ImGuiCol_WindowBg":{ 
         "a":1,
         "b":0.098039217293262482,
         "g":0.098039217293262482,
         "r":0.098039217293262482
      }
   }
}