{ 
   "imgui":{ 
      "ImGuiCol_Border":{ 
         "a":0.38999998569488525,
         "b":1,
         "g":1,
         "r":1
      },
      "ImGuiCol_BorderShadow":{ 
         "a":0.10000000149011612,
         "b":0,
         "g":0,
         "r":0
      },
      "ImGuiCol_Button":{ 
         "a":0.40000000596046448,
         "b":0.98000001907348633,
         "g":0.59000033140182495,
         "r":0.25999999046325684
      },
      "ImGuiCol_ButtonActive":{ 
         "a":1,
         "b":0.98000001907348633,
         "g":0.53000038862228394,
         "r":0.060000032186508179
      },
      "ImGuiCol_ButtonHovered":{ 
         "a":1,
         "b":0.98000001907348633,
         "g":0.59000033140182495,
         "r":0.25999999046325684
      },
      "ImGuiCol_CheckMark":{ 
         "a":1,
         "b":0.98000001907348633,
         "g":0.59000033140182495,
         "r":0.25999999046325684
      },
      "ImGuiCol_ChildBg":{ 
         "a":0,
         "b":1,
         "g":1,
         "r":1
      },
      "ImGuiCol_DragDropTarget":{ 
         "a":0.89999997615814209,
         "b":0,
         "g":1,
         "r":1
      },
      "ImGuiCol_FrameBg":{ 
         "a":1,
         "b":0,
         "g":0,
         "r":0
      },
      "ImGuiCol_FrameBgActive":{ 
         "a":0.67000001668930054,
         "b":0.98000001907348633,
         "g":0.59000033140182495,
         "r":0.25999999046325684
      },
      "ImGuiCol_FrameBgHovered":{ 
         "a":0.40000000596046448,
         "b":0.98000001907348633,
         "g":0.59000033140182495,
         "r":0.25999999046325684
      },
      "ImGuiCol_Header":{ 
         "a":0.31000000238418579,
         "b":0.98000001907348633,
         "g":0.59000033140182495,
         "r":0.25999999046325684
      },
      "ImGuiCol_HeaderActive":{ 
         "a":1,
         "b":0.98000001907348633,
         "g":0.59000033140182495,
         "r":0.25999999046325684
      },
      "ImGuiCol_HeaderHovered":{ 
         "a":0.80000001192092896,
         "b":0.98000001907348633,
         "g":0.59000033140182495,
         "r":0.25999999046325684
      },
      "ImGuiCol_MenuBarBg":{ 
         "a":1,
         "b":0.13999998569488525,
         "g":0.13999998569488525,
         "r":0.13999998569488525
      },
      "ImGuiCol_ModalWindowDimBg":{ 
         "a":0.5,
         "b":0.20000000298023224,
         "g":0.20000000298023224,
         "r":0.20000000298023224
      },
      "ImGuiCol_NavHighlight":{ 
         "a":1,
         "b":0.98000001907348633,
         "g":0.5899999737739563,
         "r":0.25999999046325684
      },
      "ImGuiCol_NavWindowingDimBg":{ 
         "a":0.20000000298023224,
         "b":0.80000001192092896,
         "g":0.80000001192092896,
         "r":0.80000001192092896
      },
      "ImGuiCol_NavWindowingHighlight":{ 
         "a":0.69999998807907104,
         "b":1,
         "g":1,
         "r":1
      },
      "ImGuiCol_PlotHistogram":{ 
         "a":1,
         "b":0,
         "g":0.70000004768371582,
         "r":0.89999997615814209
      },
      "ImGuiCol_PlotHistogramHovered":{ 
         "a":1,
         "b":0,
         "g":0.59999996423721313,
         "r":1
      },
      "ImGuiCol_PlotLines":{ 
         "a":1,
         "b":0.61000001430511475,
         "g":0.61000001430511475,
         "r":0.61000001430511475
      },
      "ImGuiCol_PlotLinesHovered":{ 
         "a":1,
         "b":0.35000002384185791,
         "g":0.43000000715255737,
         "r":1
      },
      "ImGuiCol_PopupBg":{ 
         "a":0.92000001668930054,
         "b":0.14000000059604645,
         "g":0.11000000685453415,
         "r":0.10999999940395355
      },
      "ImGuiCol_RangeSliderBar":{ 
         "a":0,
         "b":1,
         "g":1,
         "r":1
      },
      "ImGuiCol_ResizeGrip":{ 
         "a":0,
         "b":0,
         "g":0,
         "r":0
      },
      "ImGuiCol_ResizeGripActive":{ 
         "a":0.94999998807907104,
         "b":0.98000001907348633,
         "g":0.59000033140182495,
         "r":0.25999999046325684
      },
      "ImGuiCol_ResizeGripHovered":{ 
         "a":0.67000001668930054,
         "b":0.98000001907348633,
         "g":0.59000033140182495,
         "r":0.25999999046325684
      },
      "ImGuiCol_ScrollbarBg":{ 
         "a":0.52999997138977051,
         "b":0.019999980926513672,
         "g":0.019999980926513672,
         "r":0.019999980926513672
      },
      "ImGuiCol_ScrollbarGrab":{ 
         "a":0.80000001192092896,
         "b":0.31000000238418579,
         "g":0.31000000238418579,
         "r":0.31000000238418579
      },
      "ImGuiCol_ScrollbarGrabActive":{ 
         "a":1,
         "b":0.50999999046325684,
         "g":0.50999999046325684,
         "r":0.50999999046325684
      },
      "ImGuiCol_ScrollbarGrabHovered":{ 
         "a":0.80000001192092896,
         "b":0.50999999046325684,
         "g":0.50999999046325684,
         "r":0.50999999046325684
      },
      "ImGuiCol_Separator":{ 
         "a":1,
         "b":0.61000001430511475,
         "g":0.61000001430511475,
         "r":0.61000001430511475
      },
      "ImGuiCol_SeparatorActive":{ 
         "a":1,
         "b":0.98000001907348633,
         "g":0.59000033140182495,
         "r":0.25999999046325684
      },
      "ImGuiCol_SeparatorHovered":{ 
         "a":0.77999997138977051,
         "b":0.98000001907348633,
         "g":0.59000033140182495,
         "r":0.25999999046325684
      },
      "ImGuiCol_SliderGrab":{ 
         "a":0.77999997138977051,
         "b":0.98000001907348633,
         "g":0.59000033140182495,
         "r":0.25999999046325684
      },
      "ImGuiCol_SliderGrabActive":{ 
         "a":1,
         "b":0.98000001907348633,
         "g":0.59000033140182495,
         "r":0.25999999046325684
      },
      "ImGuiCol_Tab":{ 
         "a":0.8619999885559082,
         "b":0.58000004291534424,
         "g":0.34999996423721313,
         "r":0.17999999225139618
      },
      "ImGuiCol_TabActive":{ 
         "a":1,
         "b":0.68000000715255737,
         "g":0.40999996662139893,
         "r":0.19999998807907104
      },
      "ImGuiCol_TabHovered":{ 
         "a":0.80000001192092896,
         "b":0.98000001907348633,
         "g":0.5899999737739563,
         "r":0.25999999046325684
      },
      "ImGuiCol_TabUnfocused":{ 
         "a":0.9724000096321106,
         "b":0.14800003170967102,
         "g":0.10199998319149017,
         "r":0.068000003695487976
      },
      "ImGuiCol_TabUnfocusedActive":{ 
         "a":1,
         "b":0.42399999499320984,
         "g":0.26199996471405029,
         "r":0.13599997758865356
      },
      "ImGuiCol_Text":{ 
         "a":1,
         "b":1,
         "g":1,
         "r":1
      },
      "ImGuiCol_TextDisabled":{ 
         "a":1,
         "b":0.39999997615814209,
         "g":0.39999997615814209,
         "r":0.39999997615814209
      },
      "ImGuiCol_TextSelectedBg":{ 
         "a":0.34999999403953552,
         "b":0.98000001907348633,
         "g":0.59000033140182495,
         "r":0.25999999046325684
      },
      "ImGuiCol_TitleBg":{ 
         "a":1,
         "b":0.040000021457672119,
         "g":0.040000021457672119,
         "r":0.040000021457672119
      },
      "ImGuiCol_TitleBgActive":{ 
         "a":1,
         "b":0.18000000715255737,
         "g":0.18000000715255737,
         "r":0.18000000715255737
      },
      "ImGuiCol_TitleBgCollapsed":{ 
         "a":0.50999999046325684,
         "b":0,
         "g":0,
         "r":0
      },
      "ImGuiCol_WindowBg":{ 
         "a":1,
         "b":0.060000002384185791,
         "g":0.060000002384185791,
         "r":0.060000002384185791
      }
   }
}